,var,coef,label,concept
0,DP02_0002PE,-0.00018131488013643538,Percent!!HOUSEHOLDS BY TYPE!!Total households!!Married-couple family,SELECTED SOCIAL CHARACTERISTICS IN THE UNITED STATES
1,DP02_0003PE,0.0004048490501237329,Percent!!HOUSEHOLDS BY TYPE!!Total households!!Married-couple family!!With own children of the householder under 18 years,SELECTED SOCIAL CHARACTERISTICS IN THE UNITED STATES
2,DP02_0004PE,-0.00043494924335102164,Percent!!HOUSEHOLDS BY TYPE!!Total households!!Cohabiting couple household,SELECTED SOCIAL CHARACTERISTICS IN THE UNITED STATES
3,DP02_0005PE,-1.7796471282825648e-08,Percent!!HOUSEHOLDS BY TYPE!!Total households!!Cohabiting couple household!!With own children of the householder under 18 years,SELECTED SOCIAL CHARACTERISTICS IN THE UNITED STATES
4,DP02_0006PE,0.00023279372777543014,"Percent!!HOUSEHOLDS BY TYPE!!Total households!!Male householder, no spouse/partner present",SELECTED SOCIAL CHARACTERISTICS IN THE UNITED STATES
5,DP02_0007PE,-0.00024220930852798627,"Percent!!HOUSEHOLDS BY TYPE!!Total households!!Male householder, no spouse/partner present!!With own children of the householder under 18 years",SELECTED SOCIAL CHARACTERISTICS IN THE UNITED STATES
6,DP02_0008PE,0.0004527467599287471,"Percent!!HOUSEHOLDS BY TYPE!!Total households!!Male householder, no spouse/partner present!!Householder living alone",SELECTED SOCIAL CHARACTERISTICS IN THE UNITED STATES
7,DP02_0009PE,0.00023730125358115345,"Percent!!HOUSEHOLDS BY TYPE!!Total households!!Male householder, no spouse/partner present!!Householder living alone!!65 years and over",SELECTED SOCIAL CHARACTERISTICS IN THE UNITED STATES
8,DP02_0010PE,0.00037334189806891574,"Percent!!HOUSEHOLDS BY TYPE!!Total households!!Female householder, no spouse/partner present",SELECTED SOCIAL CHARACTERISTICS IN THE UNITED STATES
9,DP02_0011PE,0.00024783715643608576,"Percent!!HOUSEHOLDS BY TYPE!!Total households!!Female householder, no spouse/partner present!!With own children of the householder under 18 years",SELECTED SOCIAL CHARACTERISTICS IN THE UNITED STATES
10,DP02_0012PE,-1.72714419781178e-05,"Percent!!HOUSEHOLDS BY TYPE!!Total households!!Female householder, no spouse/partner present!!Householder living alone",SELECTED SOCIAL CHARACTERISTICS IN THE UNITED STATES
11,DP02_0013PE,0.00015814326488594073,"Percent!!HOUSEHOLDS BY TYPE!!Total households!!Female householder, no spouse/partner present!!Householder living alone!!65 years and over",SELECTED SOCIAL CHARACTERISTICS IN THE UNITED STATES
12,DP02_0014PE,6.402390206020669e-05,Percent!!HOUSEHOLDS BY TYPE!!Total households!!Households with one or more people under 18 years,SELECTED SOCIAL CHARACTERISTICS IN THE UNITED STATES
13,DP02_0015PE,-7.147253709711178e-05,Percent!!HOUSEHOLDS BY TYPE!!Total households!!Households with one or more people 65 years and over,SELECTED SOCIAL CHARACTERISTICS IN THE UNITED STATES
14,DP02_0019PE,7.565806664528925e-05,Percent!!RELATIONSHIP!!Population in households!!Householder,SELECTED SOCIAL CHARACTERISTICS IN THE UNITED STATES
15,DP02_0020PE,5.600293121850446e-05,Percent!!RELATIONSHIP!!Population in households!!Spouse,SELECTED SOCIAL CHARACTERISTICS IN THE UNITED STATES
16,DP02_0021PE,-0.0002698272648703393,Percent!!RELATIONSHIP!!Population in households!!Unmarried partner,SELECTED SOCIAL CHARACTERISTICS IN THE UNITED STATES
17,DP02_0022PE,-0.00010156863132943358,Percent!!RELATIONSHIP!!Population in households!!Child,SELECTED SOCIAL CHARACTERISTICS IN THE UNITED STATES
18,DP02_0023PE,0.00017018769455402817,Percent!!RELATIONSHIP!!Population in households!!Other relatives,SELECTED SOCIAL CHARACTERISTICS IN THE UNITED STATES
19,DP02_0024PE,9.379338713857244e-05,Percent!!RELATIONSHIP!!Population in households!!Other nonrelatives,SELECTED SOCIAL CHARACTERISTICS IN THE UNITED STATES
20,DP02_0026PE,-0.00019842690405622073,Percent!!MARITAL STATUS!!Males 15 years and over!!Never married,SELECTED SOCIAL CHARACTERISTICS IN THE UNITED STATES
21,DP02_0027PE,0.000146575560851408,"Percent!!MARITAL STATUS!!Males 15 years and over!!Now married, except separated",SELECTED SOCIAL CHARACTERISTICS IN THE UNITED STATES
22,DP02_0028PE,0.0002239947460834441,Percent!!MARITAL STATUS!!Males 15 years and over!!Separated,SELECTED SOCIAL CHARACTERISTICS IN THE UNITED STATES
23,DP02_0029PE,-0.0003853550388315092,Percent!!MARITAL STATUS!!Males 15 years and over!!Widowed,SELECTED SOCIAL CHARACTERISTICS IN THE UNITED STATES
24,DP02_0030PE,0.0002447194544364517,Percent!!MARITAL STATUS!!Males 15 years and over!!Divorced,SELECTED SOCIAL CHARACTERISTICS IN THE UNITED STATES
25,DP02_0032PE,-0.00037779936276748923,Percent!!MARITAL STATUS!!Females 15 years and over!!Never married,SELECTED SOCIAL CHARACTERISTICS IN THE UNITED STATES
26,DP02_0033PE,0.00023094796888812352,"Percent!!MARITAL STATUS!!Females 15 years and over!!Now married, except separated",SELECTED SOCIAL CHARACTERISTICS IN THE UNITED STATES
27,DP02_0034PE,0.00040755854997665924,Percent!!MARITAL STATUS!!Females 15 years and over!!Separated,SELECTED SOCIAL CHARACTERISTICS IN THE UNITED STATES
28,DP02_0035PE,-0.0002299614169317955,Percent!!MARITAL STATUS!!Females 15 years and over!!Widowed,SELECTED SOCIAL CHARACTERISTICS IN THE UNITED STATES
29,DP02_0036PE,-2.553345364326019e-05,Percent!!MARITAL STATUS!!Females 15 years and over!!Divorced,SELECTED SOCIAL CHARACTERISTICS IN THE UNITED STATES
30,DP02_0037PE,-1.146471794402551e-05,Percent!!FERTILITY!!Number of women 15 to 50 years old who had a birth in the past 12 months,SELECTED SOCIAL CHARACTERISTICS IN THE UNITED STATES
31,DP02_0038PE,6.703887384991989e-05,"Percent!!FERTILITY!!Number of women 15 to 50 years old who had a birth in the past 12 months!!Unmarried women (widowed, divorced, and never married)",SELECTED SOCIAL CHARACTERISTICS IN THE UNITED STATES
32,DP02_0044PE,2.6885177373264857e-05,Percent!!GRANDPARENTS!!Number of grandparents living with own grandchildren under 18 years,SELECTED SOCIAL CHARACTERISTICS IN THE UNITED STATES
33,DP02_0045PE,3.969875853953119e-05,Percent!!GRANDPARENTS!!Number of grandparents living with own grandchildren under 18 years!!Grandparents responsible for grandchildren,SELECTED SOCIAL CHARACTERISTICS IN THE UNITED STATES
34,DP02_0046PE,-5.8551376841151805e-05,Percent!!GRANDPARENTS!!Number of grandparents living with own grandchildren under 18 years!!Years responsible for grandchildren!!Less than 1 year,SELECTED SOCIAL CHARACTERISTICS IN THE UNITED STATES
35,DP02_0047PE,-7.94857112441219e-05,Percent!!GRANDPARENTS!!Number of grandparents living with own grandchildren under 18 years!!Years responsible for grandchildren!!1 or 2 years,SELECTED SOCIAL CHARACTERISTICS IN THE UNITED STATES
36,DP02_0048PE,7.212947073401054e-05,Percent!!GRANDPARENTS!!Number of grandparents living with own grandchildren under 18 years!!Years responsible for grandchildren!!3 or 4 years,SELECTED SOCIAL CHARACTERISTICS IN THE UNITED STATES
37,DP02_0049PE,8.415255758284536e-05,Percent!!GRANDPARENTS!!Number of grandparents living with own grandchildren under 18 years!!Years responsible for grandchildren!!5 or more years,SELECTED SOCIAL CHARACTERISTICS IN THE UNITED STATES
38,DP02_0050PE,5.032693797347972e-05,Percent!!GRANDPARENTS!!Number of grandparents responsible for own grandchildren under 18 years,SELECTED SOCIAL CHARACTERISTICS IN THE UNITED STATES
39,DP02_0051PE,3.603505341138707e-05,Percent!!GRANDPARENTS!!Number of grandparents responsible for own grandchildren under 18 years!!Who are female,SELECTED SOCIAL CHARACTERISTICS IN THE UNITED STATES
40,DP02_0052PE,-1.2778693311357908e-05,Percent!!GRANDPARENTS!!Number of grandparents responsible for own grandchildren under 18 years!!Who are married,SELECTED SOCIAL CHARACTERISTICS IN THE UNITED STATES
41,DP02_0054PE,0.0001934651243945566,"Percent!!SCHOOL ENROLLMENT!!Population 3 years and over enrolled in school!!Nursery school, preschool",SELECTED SOCIAL CHARACTERISTICS IN THE UNITED STATES
42,DP02_0055PE,0.00040200889799335614,Percent!!SCHOOL ENROLLMENT!!Population 3 years and over enrolled in school!!Kindergarten,SELECTED SOCIAL CHARACTERISTICS IN THE UNITED STATES
43,DP02_0056PE,-0.00022571162065580848,Percent!!SCHOOL ENROLLMENT!!Population 3 years and over enrolled in school!!Elementary school (grades 1-8),SELECTED SOCIAL CHARACTERISTICS IN THE UNITED STATES
44,DP02_0057PE,-0.00016084831705258945,Percent!!SCHOOL ENROLLMENT!!Population 3 years and over enrolled in school!!High school (grades 9-12),SELECTED SOCIAL CHARACTERISTICS IN THE UNITED STATES
45,DP02_0058PE,-0.00017874761043628397,Percent!!SCHOOL ENROLLMENT!!Population 3 years and over enrolled in school!!College or graduate school,SELECTED SOCIAL CHARACTERISTICS IN THE UNITED STATES
46,DP02_0060PE,0.000850685565824703,Percent!!EDUCATIONAL ATTAINMENT!!Population 25 years and over!!Less than 9th grade,SELECTED SOCIAL CHARACTERISTICS IN THE UNITED STATES
47,DP02_0061PE,-0.0003811140029118333,"Percent!!EDUCATIONAL ATTAINMENT!!Population 25 years and over!!9th to 12th grade, no diploma",SELECTED SOCIAL CHARACTERISTICS IN THE UNITED STATES
48,DP02_0062PE,-0.0003369782168981851,Percent!!EDUCATIONAL ATTAINMENT!!Population 25 years and over!!High school graduate (includes equivalency),SELECTED SOCIAL CHARACTERISTICS IN THE UNITED STATES
49,DP02_0063PE,-0.00023267105763052776,"Percent!!EDUCATIONAL ATTAINMENT!!Population 25 years and over!!Some college, no degree",SELECTED SOCIAL CHARACTERISTICS IN THE UNITED STATES
50,DP02_0064PE,-8.217791877914693e-05,Percent!!EDUCATIONAL ATTAINMENT!!Population 25 years and over!!Associate's degree,SELECTED SOCIAL CHARACTERISTICS IN THE UNITED STATES
51,DP02_0065PE,0.0002685378904086813,Percent!!EDUCATIONAL ATTAINMENT!!Population 25 years and over!!Bachelor's degree,SELECTED SOCIAL CHARACTERISTICS IN THE UNITED STATES
52,DP02_0066PE,-9.097131962425956e-05,Percent!!EDUCATIONAL ATTAINMENT!!Population 25 years and over!!Graduate or professional degree,SELECTED SOCIAL CHARACTERISTICS IN THE UNITED STATES
53,DP02_0067PE,-0.0004535622924772535,Percent!!EDUCATIONAL ATTAINMENT!!Population 25 years and over!!High school graduate or higher,SELECTED SOCIAL CHARACTERISTICS IN THE UNITED STATES
54,DP02_0068PE,0.0001734590559593985,Percent!!EDUCATIONAL ATTAINMENT!!Population 25 years and over!!Bachelor's degree or higher,SELECTED SOCIAL CHARACTERISTICS IN THE UNITED STATES
55,DP02_0070PE,-0.00012370563690042234,Percent!!VETERAN STATUS!!Civilian population 18 years and over!!Civilian veterans,SELECTED SOCIAL CHARACTERISTICS IN THE UNITED STATES
56,DP02_0072PE,-7.717699702280563e-05,Percent!!DISABILITY STATUS OF THE CIVILIAN NONINSTITUTIONALIZED POPULATION!!Total Civilian Noninstitutionalized Population!!With a disability,SELECTED SOCIAL CHARACTERISTICS IN THE UNITED STATES
57,DP02_0074PE,0.00016279558984634506,Percent!!DISABILITY STATUS OF THE CIVILIAN NONINSTITUTIONALIZED POPULATION!!Under 18 years!!With a disability,SELECTED SOCIAL CHARACTERISTICS IN THE UNITED STATES
58,DP02_0076PE,0.00012837302005825997,Percent!!DISABILITY STATUS OF THE CIVILIAN NONINSTITUTIONALIZED POPULATION!!18 to 64 years!!With a disability,SELECTED SOCIAL CHARACTERISTICS IN THE UNITED STATES
59,DP02_0078PE,-0.0002949458008463712,Percent!!DISABILITY STATUS OF THE CIVILIAN NONINSTITUTIONALIZED POPULATION!!65 years and over!!With a disability,SELECTED SOCIAL CHARACTERISTICS IN THE UNITED STATES
60,DP02_0080PE,-0.00019151737285811468,Percent!!RESIDENCE 1 YEAR AGO!!Population 1 year and over!!Same house,SELECTED SOCIAL CHARACTERISTICS IN THE UNITED STATES
61,DP02_0081PE,0.0005302683533557213,Percent!!RESIDENCE 1 YEAR AGO!!Population 1 year and over!!Different house in the U.S.,SELECTED SOCIAL CHARACTERISTICS IN THE UNITED STATES
62,DP02_0082PE,0.00027925338162445554,Percent!!RESIDENCE 1 YEAR AGO!!Population 1 year and over!!Different house in the U.S.!!Same county,SELECTED SOCIAL CHARACTERISTICS IN THE UNITED STATES
63,DP02_0083PE,0.00025746705030698416,Percent!!RESIDENCE 1 YEAR AGO!!Population 1 year and over!!Different house in the U.S.!!Different county,SELECTED SOCIAL CHARACTERISTICS IN THE UNITED STATES
64,DP02_0084PE,0.0009490863785965839,Percent!!RESIDENCE 1 YEAR AGO!!Population 1 year and over!!Different house in the U.S.!!Different county!!Same state,SELECTED SOCIAL CHARACTERISTICS IN THE UNITED STATES
65,DP02_0085PE,-0.0007029990086062201,Percent!!RESIDENCE 1 YEAR AGO!!Population 1 year and over!!Different house in the U.S.!!Different county!!Different state,SELECTED SOCIAL CHARACTERISTICS IN THE UNITED STATES
66,DP02_0086PE,-0.00035531082180785035,Percent!!RESIDENCE 1 YEAR AGO!!Population 1 year and over!!Abroad,SELECTED SOCIAL CHARACTERISTICS IN THE UNITED STATES
67,DP02_0088PE,-7.390724530362576e-05,Percent!!PLACE OF BIRTH!!Total population!!Native,SELECTED SOCIAL CHARACTERISTICS IN THE UNITED STATES
68,DP02_0089PE,0.0001834184006736333,Percent!!PLACE OF BIRTH!!Total population!!Native!!Born in United States,SELECTED SOCIAL CHARACTERISTICS IN THE UNITED STATES
69,DP02_0090PE,7.531426625700423e-05,Percent!!PLACE OF BIRTH!!Total population!!Native!!Born in United States!!State of residence,SELECTED SOCIAL CHARACTERISTICS IN THE UNITED STATES
70,DP02_0091PE,8.821573095586731e-05,Percent!!PLACE OF BIRTH!!Total population!!Native!!Born in United States!!Different state,SELECTED SOCIAL CHARACTERISTICS IN THE UNITED STATES
71,DP02_0092PE,-0.00022291179561492367,"Percent!!PLACE OF BIRTH!!Total population!!Native!!Born in Puerto Rico, U.S. Island areas, or born abroad to American parent(s)",SELECTED SOCIAL CHARACTERISTICS IN THE UNITED STATES
72,DP02_0093PE,7.250860160846424e-05,Percent!!PLACE OF BIRTH!!Total population!!Foreign born,SELECTED SOCIAL CHARACTERISTICS IN THE UNITED STATES
73,DP02_0094PE,-7.375459180070465e-06,Percent!!U.S. CITIZENSHIP STATUS!!Foreign-born population,SELECTED SOCIAL CHARACTERISTICS IN THE UNITED STATES
74,DP02_0095PE,4.958495846417373e-05,Percent!!U.S. CITIZENSHIP STATUS!!Foreign-born population!!Naturalized U.S. citizen,SELECTED SOCIAL CHARACTERISTICS IN THE UNITED STATES
75,DP02_0096PE,-4.919508771375392e-05,Percent!!U.S. CITIZENSHIP STATUS!!Foreign-born population!!Not a U.S. citizen,SELECTED SOCIAL CHARACTERISTICS IN THE UNITED STATES
76,DP02_0097PE,-2.0010881062400832e-05,Percent!!YEAR OF ENTRY!!Population born outside the United States,SELECTED SOCIAL CHARACTERISTICS IN THE UNITED STATES
77,DP02_0098PE,0.00010744381869786713,Percent!!YEAR OF ENTRY!!Population born outside the United States!!Native,SELECTED SOCIAL CHARACTERISTICS IN THE UNITED STATES
78,DP02_0099PE,-2.120092192905934e-05,Percent!!YEAR OF ENTRY!!Population born outside the United States!!Native!!Entered 2010 or later,SELECTED SOCIAL CHARACTERISTICS IN THE UNITED STATES
79,DP02_0100PE,1.9387493716236726e-05,Percent!!YEAR OF ENTRY!!Population born outside the United States!!Native!!Entered before 2010,SELECTED SOCIAL CHARACTERISTICS IN THE UNITED STATES
80,DP02_0101PE,-7.375459180070465e-06,Percent!!YEAR OF ENTRY!!Population born outside the United States!!Foreign born,SELECTED SOCIAL CHARACTERISTICS IN THE UNITED STATES
81,DP02_0102PE,5.085336028001427e-06,Percent!!YEAR OF ENTRY!!Population born outside the United States!!Foreign born!!Entered 2010 or later,SELECTED SOCIAL CHARACTERISTICS IN THE UNITED STATES
82,DP02_0103PE,-2.1062710671424564e-06,Percent!!YEAR OF ENTRY!!Population born outside the United States!!Foreign born!!Entered before 2010,SELECTED SOCIAL CHARACTERISTICS IN THE UNITED STATES
83,DP02_0104PE,-1.6072255665750948e-05,"Percent!!WORLD REGION OF BIRTH OF FOREIGN BORN!!Foreign-born population, excluding population born at sea",SELECTED SOCIAL CHARACTERISTICS IN THE UNITED STATES
84,DP02_0105PE,-2.5887122685906e-05,"Percent!!WORLD REGION OF BIRTH OF FOREIGN BORN!!Foreign-born population, excluding population born at sea!!Europe",SELECTED SOCIAL CHARACTERISTICS IN THE UNITED STATES
85,DP02_0106PE,-4.985102372051419e-05,"Percent!!WORLD REGION OF BIRTH OF FOREIGN BORN!!Foreign-born population, excluding population born at sea!!Asia",SELECTED SOCIAL CHARACTERISTICS IN THE UNITED STATES
86,DP02_0107PE,-4.669840050591768e-05,"Percent!!WORLD REGION OF BIRTH OF FOREIGN BORN!!Foreign-born population, excluding population born at sea!!Africa",SELECTED SOCIAL CHARACTERISTICS IN THE UNITED STATES
87,DP02_0108PE,0.0004280583137477421,"Percent!!WORLD REGION OF BIRTH OF FOREIGN BORN!!Foreign-born population, excluding population born at sea!!Oceania",SELECTED SOCIAL CHARACTERISTICS IN THE UNITED STATES
88,DP02_0109PE,-1.9982079397847197e-05,"Percent!!WORLD REGION OF BIRTH OF FOREIGN BORN!!Foreign-born population, excluding population born at sea!!Latin America",SELECTED SOCIAL CHARACTERISTICS IN THE UNITED STATES
89,DP02_0110PE,-0.000268825725415482,"Percent!!WORLD REGION OF BIRTH OF FOREIGN BORN!!Foreign-born population, excluding population born at sea!!Northern America",SELECTED SOCIAL CHARACTERISTICS IN THE UNITED STATES
90,DP02_0112PE,9.54788049214545e-05,Percent!!LANGUAGE SPOKEN AT HOME!!Population 5 years and over!!English only,SELECTED SOCIAL CHARACTERISTICS IN THE UNITED STATES
91,DP02_0113PE,-9.547880492145797e-05,Percent!!LANGUAGE SPOKEN AT HOME!!Population 5 years and over!!Language other than English,SELECTED SOCIAL CHARACTERISTICS IN THE UNITED STATES
92,DP02_0114PE,-0.0005180623305572927,"Percent!!LANGUAGE SPOKEN AT HOME!!Population 5 years and over!!Language other than English!!Speak English less than ""very well""",SELECTED SOCIAL CHARACTERISTICS IN THE UNITED STATES
93,DP02_0115PE,0.0001902199392399028,Percent!!LANGUAGE SPOKEN AT HOME!!Population 5 years and over!!Spanish,SELECTED SOCIAL CHARACTERISTICS IN THE UNITED STATES
94,DP02_0116PE,-8.025618247366621e-05,"Percent!!LANGUAGE SPOKEN AT HOME!!Population 5 years and over!!Spanish!!Speak English less than ""very well""",SELECTED SOCIAL CHARACTERISTICS IN THE UNITED STATES
95,DP02_0117PE,-0.00022057131478984846,Percent!!LANGUAGE SPOKEN AT HOME!!Population 5 years and over!!Other Indo-European languages,SELECTED SOCIAL CHARACTERISTICS IN THE UNITED STATES
96,DP02_0118PE,-0.0001754775205437688,"Percent!!LANGUAGE SPOKEN AT HOME!!Population 5 years and over!!Other Indo-European languages!!Speak English less than ""very well""",SELECTED SOCIAL CHARACTERISTICS IN THE UNITED STATES
97,DP02_0119PE,-0.0002722157674631727,Percent!!LANGUAGE SPOKEN AT HOME!!Population 5 years and over!!Asian and Pacific Islander languages,SELECTED SOCIAL CHARACTERISTICS IN THE UNITED STATES
98,DP02_0120PE,-0.00021497749540753342,"Percent!!LANGUAGE SPOKEN AT HOME!!Population 5 years and over!!Asian and Pacific Islander languages!!Speak English less than ""very well""",SELECTED SOCIAL CHARACTERISTICS IN THE UNITED STATES
99,DP02_0121PE,0.00020359663836234934,Percent!!LANGUAGE SPOKEN AT HOME!!Population 5 years and over!!Other languages,SELECTED SOCIAL CHARACTERISTICS IN THE UNITED STATES
100,DP02_0122PE,-4.932772009662595e-05,"Percent!!LANGUAGE SPOKEN AT HOME!!Population 5 years and over!!Other languages!!Speak English less than ""very well""",SELECTED SOCIAL CHARACTERISTICS IN THE UNITED STATES
101,DP02_0124PE,9.218115098453068e-05,Percent!!ANCESTRY!!Total population!!American,SELECTED SOCIAL CHARACTERISTICS IN THE UNITED STATES
102,DP02_0125PE,-0.00014441077966910752,Percent!!ANCESTRY!!Total population!!Arab,SELECTED SOCIAL CHARACTERISTICS IN THE UNITED STATES
103,DP02_0126PE,0.0003171158493729717,Percent!!ANCESTRY!!Total population!!Czech,SELECTED SOCIAL CHARACTERISTICS IN THE UNITED STATES
104,DP02_0127PE,0.00014172933864918714,Percent!!ANCESTRY!!Total population!!Danish,SELECTED SOCIAL CHARACTERISTICS IN THE UNITED STATES
105,DP02_0128PE,0.0006401520647894508,Percent!!ANCESTRY!!Total population!!Dutch,SELECTED SOCIAL CHARACTERISTICS IN THE UNITED STATES
106,DP02_0129PE,0.0001044934352224827,Percent!!ANCESTRY!!Total population!!English,SELECTED SOCIAL CHARACTERISTICS IN THE UNITED STATES
107,DP02_0130PE,-2.340686978661988e-05,Percent!!ANCESTRY!!Total population!!French (except Basque),SELECTED SOCIAL CHARACTERISTICS IN THE UNITED STATES
108,DP02_0131PE,-0.0005972567148881439,Percent!!ANCESTRY!!Total population!!French Canadian,SELECTED SOCIAL CHARACTERISTICS IN THE UNITED STATES
109,DP02_0132PE,0.00045713126479721887,Percent!!ANCESTRY!!Total population!!German,SELECTED SOCIAL CHARACTERISTICS IN THE UNITED STATES
110,DP02_0133PE,-0.0001195783583197594,Percent!!ANCESTRY!!Total population!!Greek,SELECTED SOCIAL CHARACTERISTICS IN THE UNITED STATES
111,DP02_0134PE,0.00018600012745682973,Percent!!ANCESTRY!!Total population!!Hungarian,SELECTED SOCIAL CHARACTERISTICS IN THE UNITED STATES
112,DP02_0135PE,-0.0005762433488856927,Percent!!ANCESTRY!!Total population!!Irish,SELECTED SOCIAL CHARACTERISTICS IN THE UNITED STATES
113,DP02_0136PE,0.0006654769470573338,Percent!!ANCESTRY!!Total population!!Italian,SELECTED SOCIAL CHARACTERISTICS IN THE UNITED STATES
114,DP02_0137PE,6.19265329022033e-05,Percent!!ANCESTRY!!Total population!!Lithuanian,SELECTED SOCIAL CHARACTERISTICS IN THE UNITED STATES
115,DP02_0138PE,-0.001056636958186602,Percent!!ANCESTRY!!Total population!!Norwegian,SELECTED SOCIAL CHARACTERISTICS IN THE UNITED STATES
116,DP02_0139PE,0.00022369948031247854,Percent!!ANCESTRY!!Total population!!Polish,SELECTED SOCIAL CHARACTERISTICS IN THE UNITED STATES
117,DP02_0140PE,-0.0008629108765537754,Percent!!ANCESTRY!!Total population!!Portuguese,SELECTED SOCIAL CHARACTERISTICS IN THE UNITED STATES
118,DP02_0141PE,0.00013725202028538856,Percent!!ANCESTRY!!Total population!!Russian,SELECTED SOCIAL CHARACTERISTICS IN THE UNITED STATES
119,DP02_0142PE,-0.0001226309511112709,Percent!!ANCESTRY!!Total population!!Scotch-Irish,SELECTED SOCIAL CHARACTERISTICS IN THE UNITED STATES
120,DP02_0143PE,4.506311989369778e-05,Percent!!ANCESTRY!!Total population!!Scottish,SELECTED SOCIAL CHARACTERISTICS IN THE UNITED STATES
121,DP02_0144PE,9.11501957829994e-05,Percent!!ANCESTRY!!Total population!!Slovak,SELECTED SOCIAL CHARACTERISTICS IN THE UNITED STATES
122,DP02_0145PE,-0.0005469413656031103,Percent!!ANCESTRY!!Total population!!Subsaharan African,SELECTED SOCIAL CHARACTERISTICS IN THE UNITED STATES
123,DP02_0146PE,-0.0008706645749324335,Percent!!ANCESTRY!!Total population!!Swedish,SELECTED SOCIAL CHARACTERISTICS IN THE UNITED STATES
124,DP02_0147PE,0.00024787960447140886,Percent!!ANCESTRY!!Total population!!Swiss,SELECTED SOCIAL CHARACTERISTICS IN THE UNITED STATES
125,DP02_0148PE,0.00010054636473994149,Percent!!ANCESTRY!!Total population!!Ukrainian,SELECTED SOCIAL CHARACTERISTICS IN THE UNITED STATES
126,DP02_0149PE,2.7414031621200845e-05,Percent!!ANCESTRY!!Total population!!Welsh,SELECTED SOCIAL CHARACTERISTICS IN THE UNITED STATES
127,DP02_0150PE,-0.0002973689242148365,Percent!!ANCESTRY!!Total population!!West Indian (excluding Hispanic origin groups),SELECTED SOCIAL CHARACTERISTICS IN THE UNITED STATES
128,DP02_0152PE,0.0010005730144783103,Percent!!COMPUTERS AND INTERNET USE!!Total households!!With a computer,SELECTED SOCIAL CHARACTERISTICS IN THE UNITED STATES
129,DP02_0153PE,-0.00035761185340377736,Percent!!COMPUTERS AND INTERNET USE!!Total households!!With a broadband Internet subscription,SELECTED SOCIAL CHARACTERISTICS IN THE UNITED STATES
130,DP03_0002PE,-0.0003461621414717594,Percent!!EMPLOYMENT STATUS!!Population 16 years and over!!In labor force,SELECTED ECONOMIC CHARACTERISTICS
131,DP03_0003PE,0.00012692228474095148,Percent!!EMPLOYMENT STATUS!!Population 16 years and over!!In labor force!!Civilian labor force,SELECTED ECONOMIC CHARACTERISTICS
132,DP03_0004PE,0.00020702577262778123,Percent!!EMPLOYMENT STATUS!!Population 16 years and over!!In labor force!!Civilian labor force!!Employed,SELECTED ECONOMIC CHARACTERISTICS
133,DP03_0005PE,-7.310015706784747e-05,Percent!!EMPLOYMENT STATUS!!Population 16 years and over!!In labor force!!Civilian labor force!!Unemployed,SELECTED ECONOMIC CHARACTERISTICS
134,DP03_0006PE,-0.000502814603487713,Percent!!EMPLOYMENT STATUS!!Population 16 years and over!!In labor force!!Armed Forces,SELECTED ECONOMIC CHARACTERISTICS
135,DP03_0007PE,0.0003437599166648894,Percent!!EMPLOYMENT STATUS!!Population 16 years and over!!Not in labor force,SELECTED ECONOMIC CHARACTERISTICS
136,DP03_0009PE,-0.0005190986297658805,Percent!!EMPLOYMENT STATUS!!Civilian labor force!!Unemployment Rate,SELECTED ECONOMIC CHARACTERISTICS
137,DP03_0011PE,8.110417300085106e-05,Percent!!EMPLOYMENT STATUS!!Females 16 years and over!!In labor force,SELECTED ECONOMIC CHARACTERISTICS
138,DP03_0012PE,0.00011623604765669436,Percent!!EMPLOYMENT STATUS!!Females 16 years and over!!In labor force!!Civilian labor force,SELECTED ECONOMIC CHARACTERISTICS
139,DP03_0013PE,0.00030395656784011355,Percent!!EMPLOYMENT STATUS!!Females 16 years and over!!In labor force!!Civilian labor force!!Employed,SELECTED ECONOMIC CHARACTERISTICS
140,DP03_0015PE,0.00017029993440246448,Percent!!EMPLOYMENT STATUS!!Own children of the householder under 6 years!!All parents in family in labor force,SELECTED ECONOMIC CHARACTERISTICS
141,DP03_0017PE,-6.710035677974711e-06,Percent!!EMPLOYMENT STATUS!!Own children of the householder 6 to 17 years!!All parents in family in labor force,SELECTED ECONOMIC CHARACTERISTICS
142,DP03_0019PE,5.4453730894770246e-05,"Percent!!COMMUTING TO WORK!!Workers 16 years and over!!Car, truck, or van -- drove alone",SELECTED ECONOMIC CHARACTERISTICS
143,DP03_0020PE,3.688799853384117e-06,"Percent!!COMMUTING TO WORK!!Workers 16 years and over!!Car, truck, or van -- carpooled",SELECTED ECONOMIC CHARACTERISTICS
144,DP03_0021PE,9.537496322791807e-05,Percent!!COMMUTING TO WORK!!Workers 16 years and over!!Public transportation (excluding taxicab),SELECTED ECONOMIC CHARACTERISTICS
145,DP03_0022PE,-0.00034729869041719846,Percent!!COMMUTING TO WORK!!Workers 16 years and over!!Walked,SELECTED ECONOMIC CHARACTERISTICS
146,DP03_0023PE,0.0006978395357895579,Percent!!COMMUTING TO WORK!!Workers 16 years and over!!Other means,SELECTED ECONOMIC CHARACTERISTICS
147,DP03_0024PE,-0.0004753185092048502,Percent!!COMMUTING TO WORK!!Workers 16 years and over!!Worked from home,SELECTED ECONOMIC CHARACTERISTICS
148,DP03_0027PE,5.824268620782849e-06,"Percent!!OCCUPATION!!Civilian employed population 16 years and over!!Management, business, science, and arts occupations",SELECTED ECONOMIC CHARACTERISTICS
149,DP03_0028PE,0.00016121298616485736,Percent!!OCCUPATION!!Civilian employed population 16 years and over!!Service occupations,SELECTED ECONOMIC CHARACTERISTICS
150,DP03_0029PE,0.00024442741352194777,Percent!!OCCUPATION!!Civilian employed population 16 years and over!!Sales and office occupations,SELECTED ECONOMIC CHARACTERISTICS
151,DP03_0030PE,0.00022253883605558608,"Percent!!OCCUPATION!!Civilian employed population 16 years and over!!Natural resources, construction, and maintenance occupations",SELECTED ECONOMIC CHARACTERISTICS
152,DP03_0031PE,-0.0006018129924058625,"Percent!!OCCUPATION!!Civilian employed population 16 years and over!!Production, transportation, and material moving occupations",SELECTED ECONOMIC CHARACTERISTICS
153,DP03_0033PE,0.00011481974330283844,"Percent!!INDUSTRY!!Civilian employed population 16 years and over!!Agriculture, forestry, fishing and hunting, and mining",SELECTED ECONOMIC CHARACTERISTICS
154,DP03_0034PE,-0.00047603452161089506,Percent!!INDUSTRY!!Civilian employed population 16 years and over!!Construction,SELECTED ECONOMIC CHARACTERISTICS
155,DP03_0035PE,0.0002549612303106648,Percent!!INDUSTRY!!Civilian employed population 16 years and over!!Manufacturing,SELECTED ECONOMIC CHARACTERISTICS
156,DP03_0036PE,0.0010666888175429035,Percent!!INDUSTRY!!Civilian employed population 16 years and over!!Wholesale trade,SELECTED ECONOMIC CHARACTERISTICS
157,DP03_0037PE,0.00015842633107182336,Percent!!INDUSTRY!!Civilian employed population 16 years and over!!Retail trade,SELECTED ECONOMIC CHARACTERISTICS
158,DP03_0038PE,-0.0005735915045305964,"Percent!!INDUSTRY!!Civilian employed population 16 years and over!!Transportation and warehousing, and utilities",SELECTED ECONOMIC CHARACTERISTICS
159,DP03_0039PE,-7.006691238121144e-05,Percent!!INDUSTRY!!Civilian employed population 16 years and over!!Information,SELECTED ECONOMIC CHARACTERISTICS
160,DP03_0040PE,7.893820723943867e-05,"Percent!!INDUSTRY!!Civilian employed population 16 years and over!!Finance and insurance, and real estate and rental and leasing",SELECTED ECONOMIC CHARACTERISTICS
161,DP03_0041PE,0.00034191635776935445,"Percent!!INDUSTRY!!Civilian employed population 16 years and over!!Professional, scientific, and management, and administrative and waste management services",SELECTED ECONOMIC CHARACTERISTICS
162,DP03_0042PE,-0.0009437232243473837,"Percent!!INDUSTRY!!Civilian employed population 16 years and over!!Educational services, and health care and social assistance",SELECTED ECONOMIC CHARACTERISTICS
163,DP03_0043PE,6.325887847776099e-05,"Percent!!INDUSTRY!!Civilian employed population 16 years and over!!Arts, entertainment, and recreation, and accommodation and food services",SELECTED ECONOMIC CHARACTERISTICS
164,DP03_0044PE,2.9478746006988817e-05,"Percent!!INDUSTRY!!Civilian employed population 16 years and over!!Other services, except public administration",SELECTED ECONOMIC CHARACTERISTICS
165,DP03_0045PE,2.1162542714318095e-05,Percent!!INDUSTRY!!Civilian employed population 16 years and over!!Public administration,SELECTED ECONOMIC CHARACTERISTICS
166,DP03_0047PE,-0.0002043168308489069,Percent!!CLASS OF WORKER!!Civilian employed population 16 years and over!!Private wage and salary workers,SELECTED ECONOMIC CHARACTERISTICS
167,DP03_0048PE,0.00024804270601160884,Percent!!CLASS OF WORKER!!Civilian employed population 16 years and over!!Government workers,SELECTED ECONOMIC CHARACTERISTICS
168,DP03_0049PE,-0.00016880855842035176,Percent!!CLASS OF WORKER!!Civilian employed population 16 years and over!!Self-employed in own not incorporated business workers,SELECTED ECONOMIC CHARACTERISTICS
169,DP03_0050PE,0.00013479447938943465,Percent!!CLASS OF WORKER!!Civilian employed population 16 years and over!!Unpaid family workers,SELECTED ECONOMIC CHARACTERISTICS
170,DP03_0052PE,-0.000148349365526778,"Percent!!INCOME AND BENEFITS (IN 2019 INFLATION-ADJUSTED DOLLARS)!!Total households!!Less than $10,000",SELECTED ECONOMIC CHARACTERISTICS
171,DP03_0053PE,0.0002619513156472985,"Percent!!INCOME AND BENEFITS (IN 2019 INFLATION-ADJUSTED DOLLARS)!!Total households!!$10,000 to $14,999",SELECTED ECONOMIC CHARACTERISTICS
172,DP03_0054PE,0.000596724320775825,"Percent!!INCOME AND BENEFITS (IN 2019 INFLATION-ADJUSTED DOLLARS)!!Total households!!$15,000 to $24,999",SELECTED ECONOMIC CHARACTERISTICS
173,DP03_0055PE,0.00036226594807323446,"Percent!!INCOME AND BENEFITS (IN 2019 INFLATION-ADJUSTED DOLLARS)!!Total households!!$25,000 to $34,999",SELECTED ECONOMIC CHARACTERISTICS
174,DP03_0056PE,-0.0007557722940456533,"Percent!!INCOME AND BENEFITS (IN 2019 INFLATION-ADJUSTED DOLLARS)!!Total households!!$35,000 to $49,999",SELECTED ECONOMIC CHARACTERISTICS
175,DP03_0057PE,-0.0001747471303469135,"Percent!!INCOME AND BENEFITS (IN 2019 INFLATION-ADJUSTED DOLLARS)!!Total households!!$50,000 to $74,999",SELECTED ECONOMIC CHARACTERISTICS
176,DP03_0058PE,0.000416772377423911,"Percent!!INCOME AND BENEFITS (IN 2019 INFLATION-ADJUSTED DOLLARS)!!Total households!!$75,000 to $99,999",SELECTED ECONOMIC CHARACTERISTICS
177,DP03_0059PE,-0.00042472055081317644,"Percent!!INCOME AND BENEFITS (IN 2019 INFLATION-ADJUSTED DOLLARS)!!Total households!!$100,000 to $149,999",SELECTED ECONOMIC CHARACTERISTICS
178,DP03_0060PE,-0.00023180208346259876,"Percent!!INCOME AND BENEFITS (IN 2019 INFLATION-ADJUSTED DOLLARS)!!Total households!!$150,000 to $199,999",SELECTED ECONOMIC CHARACTERISTICS
179,DP03_0061PE,0.00012488271759090468,"Percent!!INCOME AND BENEFITS (IN 2019 INFLATION-ADJUSTED DOLLARS)!!Total households!!$200,000 or more",SELECTED ECONOMIC CHARACTERISTICS
180,DP03_0064PE,1.2486576377156798e-05,Percent!!INCOME AND BENEFITS (IN 2019 INFLATION-ADJUSTED DOLLARS)!!Total households!!With earnings,SELECTED ECONOMIC CHARACTERISTICS
181,DP03_0066PE,-0.0004302089505280017,Percent!!INCOME AND BENEFITS (IN 2019 INFLATION-ADJUSTED DOLLARS)!!Total households!!With Social Security,SELECTED ECONOMIC CHARACTERISTICS
182,DP03_0068PE,0.00016489164510764983,Percent!!INCOME AND BENEFITS (IN 2019 INFLATION-ADJUSTED DOLLARS)!!Total households!!With retirement income,SELECTED ECONOMIC CHARACTERISTICS
183,DP03_0070PE,0.0002648323150937648,Percent!!INCOME AND BENEFITS (IN 2019 INFLATION-ADJUSTED DOLLARS)!!Total households!!With Supplemental Security Income,SELECTED ECONOMIC CHARACTERISTICS
184,DP03_0072PE,0.0007784149087016856,Percent!!INCOME AND BENEFITS (IN 2019 INFLATION-ADJUSTED DOLLARS)!!Total households!!With cash public assistance income,SELECTED ECONOMIC CHARACTERISTICS
185,DP03_0074PE,-0.0007580770500076085,Percent!!INCOME AND BENEFITS (IN 2019 INFLATION-ADJUSTED DOLLARS)!!Total households!!With Food Stamp/SNAP benefits in the past 12 months,SELECTED ECONOMIC CHARACTERISTICS
186,DP03_0076PE,0.00027613220403822106,"Percent!!INCOME AND BENEFITS (IN 2019 INFLATION-ADJUSTED DOLLARS)!!Families!!Less than $10,000",SELECTED ECONOMIC CHARACTERISTICS
187,DP03_0077PE,-0.00021055945341078125,"Percent!!INCOME AND BENEFITS (IN 2019 INFLATION-ADJUSTED DOLLARS)!!Families!!$10,000 to $14,999",SELECTED ECONOMIC CHARACTERISTICS
188,DP03_0078PE,2.6701526944686542e-05,"Percent!!INCOME AND BENEFITS (IN 2019 INFLATION-ADJUSTED DOLLARS)!!Families!!$15,000 to $24,999",SELECTED ECONOMIC CHARACTERISTICS
189,DP03_0079PE,0.0007251366192310492,"Percent!!INCOME AND BENEFITS (IN 2019 INFLATION-ADJUSTED DOLLARS)!!Families!!$25,000 to $34,999",SELECTED ECONOMIC CHARACTERISTICS
190,DP03_0080PE,-0.00022363560366493756,"Percent!!INCOME AND BENEFITS (IN 2019 INFLATION-ADJUSTED DOLLARS)!!Families!!$35,000 to $49,999",SELECTED ECONOMIC CHARACTERISTICS
191,DP03_0081PE,-7.170639693447446e-05,"Percent!!INCOME AND BENEFITS (IN 2019 INFLATION-ADJUSTED DOLLARS)!!Families!!$50,000 to $74,999",SELECTED ECONOMIC CHARACTERISTICS
192,DP03_0082PE,0.00021995620549966044,"Percent!!INCOME AND BENEFITS (IN 2019 INFLATION-ADJUSTED DOLLARS)!!Families!!$75,000 to $99,999",SELECTED ECONOMIC CHARACTERISTICS
193,DP03_0083PE,-0.0007001918691178794,"Percent!!INCOME AND BENEFITS (IN 2019 INFLATION-ADJUSTED DOLLARS)!!Families!!$100,000 to $149,999",SELECTED ECONOMIC CHARACTERISTICS
194,DP03_0084PE,-0.0004007098151496416,"Percent!!INCOME AND BENEFITS (IN 2019 INFLATION-ADJUSTED DOLLARS)!!Families!!$150,000 to $199,999",SELECTED ECONOMIC CHARACTERISTICS
195,DP03_0085PE,0.00036176915184186223,"Percent!!INCOME AND BENEFITS (IN 2019 INFLATION-ADJUSTED DOLLARS)!!Families!!$200,000 or more",SELECTED ECONOMIC CHARACTERISTICS
196,DP03_0096PE,0.00033538912871050835,Percent!!HEALTH INSURANCE COVERAGE!!Civilian noninstitutionalized population!!With health insurance coverage,SELECTED ECONOMIC CHARACTERISTICS
197,DP03_0097PE,-0.0012519744481383562,Percent!!HEALTH INSURANCE COVERAGE!!Civilian noninstitutionalized population!!With health insurance coverage!!With private health insurance,SELECTED ECONOMIC CHARACTERISTICS
198,DP03_0098PE,-0.00010744006463966667,Percent!!HEALTH INSURANCE COVERAGE!!Civilian noninstitutionalized population!!With health insurance coverage!!With public coverage,SELECTED ECONOMIC CHARACTERISTICS
199,DP03_0099PE,-0.0003353891287105093,Percent!!HEALTH INSURANCE COVERAGE!!Civilian noninstitutionalized population!!No health insurance coverage,SELECTED ECONOMIC CHARACTERISTICS
200,DP03_0101PE,0.00011267867864441823,Percent!!HEALTH INSURANCE COVERAGE!!Civilian noninstitutionalized population under 19 years!!No health insurance coverage,SELECTED ECONOMIC CHARACTERISTICS
201,DP03_0105PE,0.00012217986079472886,Percent!!HEALTH INSURANCE COVERAGE!!Civilian noninstitutionalized population 19 to 64 years!!In labor force:!!Employed:!!With health insurance coverage,SELECTED ECONOMIC CHARACTERISTICS
202,DP03_0106PE,0.00012395639957800885,Percent!!HEALTH INSURANCE COVERAGE!!Civilian noninstitutionalized population 19 to 64 years!!In labor force:!!Employed:!!With health insurance coverage!!With private health insurance,SELECTED ECONOMIC CHARACTERISTICS
203,DP03_0107PE,-2.1622190783571335e-05,Percent!!HEALTH INSURANCE COVERAGE!!Civilian noninstitutionalized population 19 to 64 years!!In labor force:!!Employed:!!With health insurance coverage!!With public coverage,SELECTED ECONOMIC CHARACTERISTICS
204,DP03_0108PE,-0.00012217986079472883,Percent!!HEALTH INSURANCE COVERAGE!!Civilian noninstitutionalized population 19 to 64 years!!In labor force:!!Employed:!!No health insurance coverage,SELECTED ECONOMIC CHARACTERISTICS
205,DP03_0109PE,-0.00011917274034133879,Percent!!HEALTH INSURANCE COVERAGE!!Civilian noninstitutionalized population 19 to 64 years!!In labor force:!!Unemployed:,SELECTED ECONOMIC CHARACTERISTICS
206,DP03_0110PE,-8.434462679970156e-05,Percent!!HEALTH INSURANCE COVERAGE!!Civilian noninstitutionalized population 19 to 64 years!!In labor force:!!Unemployed:!!With health insurance coverage,SELECTED ECONOMIC CHARACTERISTICS
207,DP03_0111PE,3.9357772354900816e-05,Percent!!HEALTH INSURANCE COVERAGE!!Civilian noninstitutionalized population 19 to 64 years!!In labor force:!!Unemployed:!!With health insurance coverage!!With private health insurance,SELECTED ECONOMIC CHARACTERISTICS
208,DP03_0112PE,0.0001304482726398582,Percent!!HEALTH INSURANCE COVERAGE!!Civilian noninstitutionalized population 19 to 64 years!!In labor force:!!Unemployed:!!With health insurance coverage!!With public coverage,SELECTED ECONOMIC CHARACTERISTICS
209,DP03_0113PE,8.433085282450526e-05,Percent!!HEALTH INSURANCE COVERAGE!!Civilian noninstitutionalized population 19 to 64 years!!In labor force:!!Unemployed:!!No health insurance coverage,SELECTED ECONOMIC CHARACTERISTICS
210,DP03_0115PE,0.00022643547773500377,Percent!!HEALTH INSURANCE COVERAGE!!Civilian noninstitutionalized population 19 to 64 years!!Not in labor force:!!With health insurance coverage,SELECTED ECONOMIC CHARACTERISTICS
211,DP03_0116PE,0.0001803221633093758,Percent!!HEALTH INSURANCE COVERAGE!!Civilian noninstitutionalized population 19 to 64 years!!Not in labor force:!!With health insurance coverage!!With private health insurance,SELECTED ECONOMIC CHARACTERISTICS
212,DP03_0117PE,-0.00011186899912383368,Percent!!HEALTH INSURANCE COVERAGE!!Civilian noninstitutionalized population 19 to 64 years!!Not in labor force:!!With health insurance coverage!!With public coverage,SELECTED ECONOMIC CHARACTERISTICS
213,DP03_0118PE,-0.00022869616654640432,Percent!!HEALTH INSURANCE COVERAGE!!Civilian noninstitutionalized population 19 to 64 years!!Not in labor force:!!No health insurance coverage,SELECTED ECONOMIC CHARACTERISTICS
214,DP03_0119PE,0.00012821415615916855,Percent!!PERCENTAGE OF FAMILIES AND PEOPLE WHOSE INCOME IN THE PAST 12 MONTHS IS BELOW THE POVERTY LEVEL!!All families,SELECTED ECONOMIC CHARACTERISTICS
215,DP03_0120PE,0.0001287754865772983,Percent!!PERCENTAGE OF FAMILIES AND PEOPLE WHOSE INCOME IN THE PAST 12 MONTHS IS BELOW THE POVERTY LEVEL!!All families!!With related children of the householder under 18 years,SELECTED ECONOMIC CHARACTERISTICS
216,DP03_0121PE,-0.0002058174529239334,Percent!!PERCENTAGE OF FAMILIES AND PEOPLE WHOSE INCOME IN THE PAST 12 MONTHS IS BELOW THE POVERTY LEVEL!!All families!!With related children of the householder under 18 years!!With related children of the householder under 5 years only,SELECTED ECONOMIC CHARACTERISTICS
217,DP03_0122PE,-3.977407526646376e-05,Percent!!PERCENTAGE OF FAMILIES AND PEOPLE WHOSE INCOME IN THE PAST 12 MONTHS IS BELOW THE POVERTY LEVEL!!All families!!Married couple families,SELECTED ECONOMIC CHARACTERISTICS
218,DP03_0123PE,-0.0002527860035172237,Percent!!PERCENTAGE OF FAMILIES AND PEOPLE WHOSE INCOME IN THE PAST 12 MONTHS IS BELOW THE POVERTY LEVEL!!All families!!Married couple families!!With related children of the householder under 18 years,SELECTED ECONOMIC CHARACTERISTICS
219,DP03_0124PE,0.00042398132621623456,Percent!!PERCENTAGE OF FAMILIES AND PEOPLE WHOSE INCOME IN THE PAST 12 MONTHS IS BELOW THE POVERTY LEVEL!!All families!!Married couple families!!With related children of the householder under 18 years!!With related children of the householder under 5 years only,SELECTED ECONOMIC CHARACTERISTICS
220,DP03_0125PE,-2.4735119146946066e-05,"Percent!!PERCENTAGE OF FAMILIES AND PEOPLE WHOSE INCOME IN THE PAST 12 MONTHS IS BELOW THE POVERTY LEVEL!!All families!!Families with female householder, no spouse present",SELECTED ECONOMIC CHARACTERISTICS
221,DP03_0126PE,9.88939389326318e-05,"Percent!!PERCENTAGE OF FAMILIES AND PEOPLE WHOSE INCOME IN THE PAST 12 MONTHS IS BELOW THE POVERTY LEVEL!!All families!!Families with female householder, no spouse present!!With related children of the householder under 18 years",SELECTED ECONOMIC CHARACTERISTICS
222,DP03_0127PE,-5.888691120266637e-05,"Percent!!PERCENTAGE OF FAMILIES AND PEOPLE WHOSE INCOME IN THE PAST 12 MONTHS IS BELOW THE POVERTY LEVEL!!All families!!Families with female householder, no spouse present!!With related children of the householder under 18 years!!With related children of the householder under 5 years only",SELECTED ECONOMIC CHARACTERISTICS
223,DP03_0128PE,0.00039798180713105063,Percent!!PERCENTAGE OF FAMILIES AND PEOPLE WHOSE INCOME IN THE PAST 12 MONTHS IS BELOW THE POVERTY LEVEL!!All people,SELECTED ECONOMIC CHARACTERISTICS
224,DP03_0129PE,-0.00010313673569236237,Percent!!PERCENTAGE OF FAMILIES AND PEOPLE WHOSE INCOME IN THE PAST 12 MONTHS IS BELOW THE POVERTY LEVEL!!All people!!Under 18 years,SELECTED ECONOMIC CHARACTERISTICS
225,DP03_0130PE,-3.581221121913952e-05,Percent!!PERCENTAGE OF FAMILIES AND PEOPLE WHOSE INCOME IN THE PAST 12 MONTHS IS BELOW THE POVERTY LEVEL!!All people!!Under 18 years!!Related children of the householder under 18 years,SELECTED ECONOMIC CHARACTERISTICS
226,DP03_0131PE,-7.718758065332735e-05,Percent!!PERCENTAGE OF FAMILIES AND PEOPLE WHOSE INCOME IN THE PAST 12 MONTHS IS BELOW THE POVERTY LEVEL!!All people!!Under 18 years!!Related children of the householder under 18 years!!Related children of the householder under 5 years,SELECTED ECONOMIC CHARACTERISTICS
227,DP03_0132PE,-0.0002425277922802062,Percent!!PERCENTAGE OF FAMILIES AND PEOPLE WHOSE INCOME IN THE PAST 12 MONTHS IS BELOW THE POVERTY LEVEL!!All people!!Under 18 years!!Related children of the householder under 18 years!!Related children of the householder 5 to 17 years,SELECTED ECONOMIC CHARACTERISTICS
228,DP03_0133PE,0.00038225620189149244,Percent!!PERCENTAGE OF FAMILIES AND PEOPLE WHOSE INCOME IN THE PAST 12 MONTHS IS BELOW THE POVERTY LEVEL!!All people!!18 years and over,SELECTED ECONOMIC CHARACTERISTICS
229,DP03_0134PE,0.0004462297253850807,Percent!!PERCENTAGE OF FAMILIES AND PEOPLE WHOSE INCOME IN THE PAST 12 MONTHS IS BELOW THE POVERTY LEVEL!!All people!!18 years and over!!18 to 64 years,SELECTED ECONOMIC CHARACTERISTICS
230,DP03_0135PE,-0.000611409695088819,Percent!!PERCENTAGE OF FAMILIES AND PEOPLE WHOSE INCOME IN THE PAST 12 MONTHS IS BELOW THE POVERTY LEVEL!!All people!!18 years and over!!65 years and over,SELECTED ECONOMIC CHARACTERISTICS
231,DP03_0136PE,-0.0001852271030904115,Percent!!PERCENTAGE OF FAMILIES AND PEOPLE WHOSE INCOME IN THE PAST 12 MONTHS IS BELOW THE POVERTY LEVEL!!All people!!People in families,SELECTED ECONOMIC CHARACTERISTICS
232,DP03_0137PE,1.9476902029273115e-05,Percent!!PERCENTAGE OF FAMILIES AND PEOPLE WHOSE INCOME IN THE PAST 12 MONTHS IS BELOW THE POVERTY LEVEL!!All people!!Unrelated individuals 15 years and over,SELECTED ECONOMIC CHARACTERISTICS
233,DP04_0002PE,-0.000150189579280608,Percent!!HOUSING OCCUPANCY!!Total housing units!!Occupied housing units,SELECTED HOUSING CHARACTERISTICS
234,DP04_0003PE,0.0001499046810443702,Percent!!HOUSING OCCUPANCY!!Total housing units!!Vacant housing units,SELECTED HOUSING CHARACTERISTICS
235,DP04_0007PE,1.8090305159152817e-05,"Percent!!UNITS IN STRUCTURE!!Total housing units!!1-unit, detached",SELECTED HOUSING CHARACTERISTICS
236,DP04_0008PE,0.0006223533423778656,"Percent!!UNITS IN STRUCTURE!!Total housing units!!1-unit, attached",SELECTED HOUSING CHARACTERISTICS
237,DP04_0009PE,-1.6354392526473368e-05,Percent!!UNITS IN STRUCTURE!!Total housing units!!2 units,SELECTED HOUSING CHARACTERISTICS
238,DP04_0010PE,-0.0005228483373714626,Percent!!UNITS IN STRUCTURE!!Total housing units!!3 or 4 units,SELECTED HOUSING CHARACTERISTICS
239,DP04_0011PE,0.0001548665487626654,Percent!!UNITS IN STRUCTURE!!Total housing units!!5 to 9 units,SELECTED HOUSING CHARACTERISTICS
240,DP04_0012PE,0.0008412189733897657,Percent!!UNITS IN STRUCTURE!!Total housing units!!10 to 19 units,SELECTED HOUSING CHARACTERISTICS
241,DP04_0013PE,-0.00047639028034158207,Percent!!UNITS IN STRUCTURE!!Total housing units!!20 or more units,SELECTED HOUSING CHARACTERISTICS
242,DP04_0014PE,-0.0005594133084552791,Percent!!UNITS IN STRUCTURE!!Total housing units!!Mobile home,SELECTED HOUSING CHARACTERISTICS
243,DP04_0015PE,-4.4625917124331395e-05,"Percent!!UNITS IN STRUCTURE!!Total housing units!!Boat, RV, van, etc.",SELECTED HOUSING CHARACTERISTICS
244,DP04_0017PE,0.0004034380812387701,Percent!!YEAR STRUCTURE BUILT!!Total housing units!!Built 2014 or later,SELECTED HOUSING CHARACTERISTICS
245,DP04_0018PE,0.00015947726004956556,Percent!!YEAR STRUCTURE BUILT!!Total housing units!!Built 2010 to 2013,SELECTED HOUSING CHARACTERISTICS
246,DP04_0019PE,0.00010810550817698672,Percent!!YEAR STRUCTURE BUILT!!Total housing units!!Built 2000 to 2009,SELECTED HOUSING CHARACTERISTICS
247,DP04_0020PE,-5.93330521170696e-05,Percent!!YEAR STRUCTURE BUILT!!Total housing units!!Built 1990 to 1999,SELECTED HOUSING CHARACTERISTICS
248,DP04_0021PE,-0.0010326908923123923,Percent!!YEAR STRUCTURE BUILT!!Total housing units!!Built 1980 to 1989,SELECTED HOUSING CHARACTERISTICS
249,DP04_0022PE,0.0009946835951505852,Percent!!YEAR STRUCTURE BUILT!!Total housing units!!Built 1970 to 1979,SELECTED HOUSING CHARACTERISTICS
250,DP04_0023PE,0.0006589734127419596,Percent!!YEAR STRUCTURE BUILT!!Total housing units!!Built 1960 to 1969,SELECTED HOUSING CHARACTERISTICS
251,DP04_0024PE,-0.0006557371663887746,Percent!!YEAR STRUCTURE BUILT!!Total housing units!!Built 1950 to 1959,SELECTED HOUSING CHARACTERISTICS
252,DP04_0025PE,-4.307952351983937e-06,Percent!!YEAR STRUCTURE BUILT!!Total housing units!!Built 1940 to 1949,SELECTED HOUSING CHARACTERISTICS
253,DP04_0026PE,-0.0005987750990201603,Percent!!YEAR STRUCTURE BUILT!!Total housing units!!Built 1939 or earlier,SELECTED HOUSING CHARACTERISTICS
254,DP04_0028PE,3.924039403490632e-05,Percent!!ROOMS!!Total housing units!!1 room,SELECTED HOUSING CHARACTERISTICS
255,DP04_0029PE,0.00017755168882068283,Percent!!ROOMS!!Total housing units!!2 rooms,SELECTED HOUSING CHARACTERISTICS
256,DP04_0030PE,-0.00032168413946636595,Percent!!ROOMS!!Total housing units!!3 rooms,SELECTED HOUSING CHARACTERISTICS
257,DP04_0031PE,0.00023069513815610355,Percent!!ROOMS!!Total housing units!!4 rooms,SELECTED HOUSING CHARACTERISTICS
258,DP04_0032PE,2.6792423177802828e-05,Percent!!ROOMS!!Total housing units!!5 rooms,SELECTED HOUSING CHARACTERISTICS
259,DP04_0033PE,-0.0004423061689234083,Percent!!ROOMS!!Total housing units!!6 rooms,SELECTED HOUSING CHARACTERISTICS
260,DP04_0034PE,0.0005244679265917473,Percent!!ROOMS!!Total housing units!!7 rooms,SELECTED HOUSING CHARACTERISTICS
261,DP04_0035PE,8.323087716162457e-05,Percent!!ROOMS!!Total housing units!!8 rooms,SELECTED HOUSING CHARACTERISTICS
262,DP04_0036PE,-0.0003528634808335663,Percent!!ROOMS!!Total housing units!!9 rooms or more,SELECTED HOUSING CHARACTERISTICS
263,DP04_0039PE,2.509113742003788e-05,Percent!!BEDROOMS!!Total housing units!!No bedroom,SELECTED HOUSING CHARACTERISTICS
264,DP04_0040PE,-0.0005664610088394674,Percent!!BEDROOMS!!Total housing units!!1 bedroom,SELECTED HOUSING CHARACTERISTICS
265,DP04_0041PE,3.063639900177565e-05,Percent!!BEDROOMS!!Total housing units!!2 bedrooms,SELECTED HOUSING CHARACTERISTICS
266,DP04_0042PE,-0.000270241883714494,Percent!!BEDROOMS!!Total housing units!!3 bedrooms,SELECTED HOUSING CHARACTERISTICS
267,DP04_0043PE,0.00029101702261447276,Percent!!BEDROOMS!!Total housing units!!4 bedrooms,SELECTED HOUSING CHARACTERISTICS
268,DP04_0044PE,0.0004749338606955911,Percent!!BEDROOMS!!Total housing units!!5 or more bedrooms,SELECTED HOUSING CHARACTERISTICS
269,DP04_0046PE,-0.00013320894800928994,Percent!!HOUSING TENURE!!Occupied housing units!!Owner-occupied,SELECTED HOUSING CHARACTERISTICS
270,DP04_0047PE,0.00013279359252109396,Percent!!HOUSING TENURE!!Occupied housing units!!Renter-occupied,SELECTED HOUSING CHARACTERISTICS
271,DP04_0051PE,-9.214974532372145e-06,Percent!!YEAR HOUSEHOLDER MOVED INTO UNIT!!Occupied housing units!!Moved in 2017 or later,SELECTED HOUSING CHARACTERISTICS
272,DP04_0052PE,0.00013425099133245152,Percent!!YEAR HOUSEHOLDER MOVED INTO UNIT!!Occupied housing units!!Moved in 2015 to 2016,SELECTED HOUSING CHARACTERISTICS
273,DP04_0053PE,0.0005930937210230314,Percent!!YEAR HOUSEHOLDER MOVED INTO UNIT!!Occupied housing units!!Moved in 2010 to 2014,SELECTED HOUSING CHARACTERISTICS
274,DP04_0054PE,0.00010213857792272347,Percent!!YEAR HOUSEHOLDER MOVED INTO UNIT!!Occupied housing units!!Moved in 2000 to 2009,SELECTED HOUSING CHARACTERISTICS
275,DP04_0055PE,-0.00013206222108807668,Percent!!YEAR HOUSEHOLDER MOVED INTO UNIT!!Occupied housing units!!Moved in 1990 to 1999,SELECTED HOUSING CHARACTERISTICS
276,DP04_0056PE,-0.0006584135503303638,Percent!!YEAR HOUSEHOLDER MOVED INTO UNIT!!Occupied housing units!!Moved in 1989 and earlier,SELECTED HOUSING CHARACTERISTICS
277,DP04_0058PE,0.00040777031106395786,Percent!!VEHICLES AVAILABLE!!Occupied housing units!!No vehicles available,SELECTED HOUSING CHARACTERISTICS
278,DP04_0059PE,-0.00018626004419194318,Percent!!VEHICLES AVAILABLE!!Occupied housing units!!1 vehicle available,SELECTED HOUSING CHARACTERISTICS
279,DP04_0060PE,-0.0001726326636277269,Percent!!VEHICLES AVAILABLE!!Occupied housing units!!2 vehicles available,SELECTED HOUSING CHARACTERISTICS
280,DP04_0061PE,-4.328411882981678e-05,Percent!!VEHICLES AVAILABLE!!Occupied housing units!!3 or more vehicles available,SELECTED HOUSING CHARACTERISTICS
281,DP04_0063PE,-0.00018939378051822513,Percent!!HOUSE HEATING FUEL!!Occupied housing units!!Utility gas,SELECTED HOUSING CHARACTERISTICS
282,DP04_0064PE,-0.00045899357969745333,"Percent!!HOUSE HEATING FUEL!!Occupied housing units!!Bottled, tank, or LP gas",SELECTED HOUSING CHARACTERISTICS
283,DP04_0065PE,0.00021752107206113086,Percent!!HOUSE HEATING FUEL!!Occupied housing units!!Electricity,SELECTED HOUSING CHARACTERISTICS
284,DP04_0066PE,-5.497231803281217e-06,"Percent!!HOUSE HEATING FUEL!!Occupied housing units!!Fuel oil, kerosene, etc.",SELECTED HOUSING CHARACTERISTICS
285,DP04_0067PE,0.0002217601324004092,Percent!!HOUSE HEATING FUEL!!Occupied housing units!!Coal or coke,SELECTED HOUSING CHARACTERISTICS
286,DP04_0068PE,-0.000151783474836309,Percent!!HOUSE HEATING FUEL!!Occupied housing units!!Wood,SELECTED HOUSING CHARACTERISTICS
287,DP04_0069PE,3.26678258917587e-05,Percent!!HOUSE HEATING FUEL!!Occupied housing units!!Solar energy,SELECTED HOUSING CHARACTERISTICS
288,DP04_0070PE,0.00023594819439284103,Percent!!HOUSE HEATING FUEL!!Occupied housing units!!Other fuel,SELECTED HOUSING CHARACTERISTICS
289,DP04_0071PE,4.2531334428842797e-05,Percent!!HOUSE HEATING FUEL!!Occupied housing units!!No fuel used,SELECTED HOUSING CHARACTERISTICS
290,DP04_0073PE,-5.397312563649954e-07,Percent!!SELECTED CHARACTERISTICS!!Occupied housing units!!Lacking complete plumbing facilities,SELECTED HOUSING CHARACTERISTICS
291,DP04_0074PE,-0.0002131390177602456,Percent!!SELECTED CHARACTERISTICS!!Occupied housing units!!Lacking complete kitchen facilities,SELECTED HOUSING CHARACTERISTICS
292,DP04_0075PE,0.00015353359934083726,Percent!!SELECTED CHARACTERISTICS!!Occupied housing units!!No telephone service available,SELECTED HOUSING CHARACTERISTICS
293,DP04_0077PE,0.00011231987542516235,Percent!!OCCUPANTS PER ROOM!!Occupied housing units!!1.00 or less,SELECTED HOUSING CHARACTERISTICS
294,DP04_0078PE,5.594798689081608e-06,Percent!!OCCUPANTS PER ROOM!!Occupied housing units!!1.01 to 1.50,SELECTED HOUSING CHARACTERISTICS
295,DP04_0079PE,-0.00013060826322234872,Percent!!OCCUPANTS PER ROOM!!Occupied housing units!!1.51 or more,SELECTED HOUSING CHARACTERISTICS
296,DP04_0081PE,0.00017344004300572723,"Percent!!VALUE!!Owner-occupied units!!Less than $50,000",SELECTED HOUSING CHARACTERISTICS
297,DP04_0082PE,0.0006135636408415483,"Percent!!VALUE!!Owner-occupied units!!$50,000 to $99,999",SELECTED HOUSING CHARACTERISTICS
298,DP04_0083PE,0.00019577225968819066,"Percent!!VALUE!!Owner-occupied units!!$100,000 to $149,999",SELECTED HOUSING CHARACTERISTICS
299,DP04_0084PE,2.1965424759572717e-05,"Percent!!VALUE!!Owner-occupied units!!$150,000 to $199,999",SELECTED HOUSING CHARACTERISTICS
300,DP04_0085PE,-0.00010503632807003162,"Percent!!VALUE!!Owner-occupied units!!$200,000 to $299,999",SELECTED HOUSING CHARACTERISTICS
301,DP04_0086PE,-0.00028197659838605064,"Percent!!VALUE!!Owner-occupied units!!$300,000 to $499,999",SELECTED HOUSING CHARACTERISTICS
302,DP04_0087PE,-0.0003131774450163194,"Percent!!VALUE!!Owner-occupied units!!$500,000 to $999,999",SELECTED HOUSING CHARACTERISTICS
303,DP04_0088PE,-0.00028850979905384756,"Percent!!VALUE!!Owner-occupied units!!$1,000,000 or more",SELECTED HOUSING CHARACTERISTICS
304,DP04_0091PE,-7.427363077395439e-05,Percent!!MORTGAGE STATUS!!Owner-occupied units!!Housing units with a mortgage,SELECTED HOUSING CHARACTERISTICS
305,DP04_0092PE,7.360744652311559e-05,Percent!!MORTGAGE STATUS!!Owner-occupied units!!Housing units without a mortgage,SELECTED HOUSING CHARACTERISTICS
306,DP04_0094PE,-0.00010507223212742248,Percent!!SELECTED MONTHLY OWNER COSTS (SMOC)!!Housing units with a mortgage!!Less than $500,SELECTED HOUSING CHARACTERISTICS
307,DP04_0095PE,-0.0002181048608940204,Percent!!SELECTED MONTHLY OWNER COSTS (SMOC)!!Housing units with a mortgage!!$500 to $999,SELECTED HOUSING CHARACTERISTICS
308,DP04_0096PE,-0.000458634041834185,"Percent!!SELECTED MONTHLY OWNER COSTS (SMOC)!!Housing units with a mortgage!!$1,000 to $1,499",SELECTED HOUSING CHARACTERISTICS
309,DP04_0097PE,-0.0004997593735272853,"Percent!!SELECTED MONTHLY OWNER COSTS (SMOC)!!Housing units with a mortgage!!$1,500 to $1,999",SELECTED HOUSING CHARACTERISTICS
310,DP04_0098PE,0.0009461682503840833,"Percent!!SELECTED MONTHLY OWNER COSTS (SMOC)!!Housing units with a mortgage!!$2,000 to $2,499",SELECTED HOUSING CHARACTERISTICS
311,DP04_0099PE,0.0003059434023473168,"Percent!!SELECTED MONTHLY OWNER COSTS (SMOC)!!Housing units with a mortgage!!$2,500 to $2,999",SELECTED HOUSING CHARACTERISTICS
312,DP04_0100PE,7.473409320653921e-05,"Percent!!SELECTED MONTHLY OWNER COSTS (SMOC)!!Housing units with a mortgage!!$3,000 or more",SELECTED HOUSING CHARACTERISTICS
313,DP04_0103PE,-3.742824416944526e-05,Percent!!SELECTED MONTHLY OWNER COSTS (SMOC)!!Housing units without a mortgage!!Less than $250,SELECTED HOUSING CHARACTERISTICS
314,DP04_0104PE,-0.00012639773235969255,Percent!!SELECTED MONTHLY OWNER COSTS (SMOC)!!Housing units without a mortgage!!$250 to $399,SELECTED HOUSING CHARACTERISTICS
315,DP04_0105PE,0.00023906308212958143,Percent!!SELECTED MONTHLY OWNER COSTS (SMOC)!!Housing units without a mortgage!!$400 to $599,SELECTED HOUSING CHARACTERISTICS
316,DP04_0106PE,7.47480790141158e-05,Percent!!SELECTED MONTHLY OWNER COSTS (SMOC)!!Housing units without a mortgage!!$600 to $799,SELECTED HOUSING CHARACTERISTICS
317,DP04_0107PE,-8.743550416897293e-05,Percent!!SELECTED MONTHLY OWNER COSTS (SMOC)!!Housing units without a mortgage!!$800 to $999,SELECTED HOUSING CHARACTERISTICS
318,DP04_0108PE,-6.0334319687880696e-05,"Percent!!SELECTED MONTHLY OWNER COSTS (SMOC)!!Housing units without a mortgage!!$1,000 or more",SELECTED HOUSING CHARACTERISTICS
319,DP04_0111PE,0.0001501418230077142,Percent!!SELECTED MONTHLY OWNER COSTS AS A PERCENTAGE OF HOUSEHOLD INCOME (SMOCAPI)!!Housing units with a mortgage (excluding units where SMOCAPI cannot be computed)!!Less than 20.0 percent,SELECTED HOUSING CHARACTERISTICS
320,DP04_0112PE,2.0185658232661926e-06,Percent!!SELECTED MONTHLY OWNER COSTS AS A PERCENTAGE OF HOUSEHOLD INCOME (SMOCAPI)!!Housing units with a mortgage (excluding units where SMOCAPI cannot be computed)!!20.0 to 24.9 percent,SELECTED HOUSING CHARACTERISTICS
321,DP04_0113PE,0.00035536105843628153,Percent!!SELECTED MONTHLY OWNER COSTS AS A PERCENTAGE OF HOUSEHOLD INCOME (SMOCAPI)!!Housing units with a mortgage (excluding units where SMOCAPI cannot be computed)!!25.0 to 29.9 percent,SELECTED HOUSING CHARACTERISTICS
322,DP04_0114PE,6.6876077537040375e-06,Percent!!SELECTED MONTHLY OWNER COSTS AS A PERCENTAGE OF HOUSEHOLD INCOME (SMOCAPI)!!Housing units with a mortgage (excluding units where SMOCAPI cannot be computed)!!30.0 to 34.9 percent,SELECTED HOUSING CHARACTERISTICS
323,DP04_0115PE,-0.00047119732260786015,Percent!!SELECTED MONTHLY OWNER COSTS AS A PERCENTAGE OF HOUSEHOLD INCOME (SMOCAPI)!!Housing units with a mortgage (excluding units where SMOCAPI cannot be computed)!!35.0 percent or more,SELECTED HOUSING CHARACTERISTICS
324,DP04_0118PE,0.0005627280725470795,Percent!!SELECTED MONTHLY OWNER COSTS AS A PERCENTAGE OF HOUSEHOLD INCOME (SMOCAPI)!!Housing unit without a mortgage (excluding units where SMOCAPI cannot be computed)!!Less than 10.0 percent,SELECTED HOUSING CHARACTERISTICS
325,DP04_0119PE,0.0007313464614202268,Percent!!SELECTED MONTHLY OWNER COSTS AS A PERCENTAGE OF HOUSEHOLD INCOME (SMOCAPI)!!Housing unit without a mortgage (excluding units where SMOCAPI cannot be computed)!!10.0 to 14.9 percent,SELECTED HOUSING CHARACTERISTICS
326,DP04_0120PE,-0.00014890186050621034,Percent!!SELECTED MONTHLY OWNER COSTS AS A PERCENTAGE OF HOUSEHOLD INCOME (SMOCAPI)!!Housing unit without a mortgage (excluding units where SMOCAPI cannot be computed)!!15.0 to 19.9 percent,SELECTED HOUSING CHARACTERISTICS
327,DP04_0121PE,3.3246685102551865e-05,Percent!!SELECTED MONTHLY OWNER COSTS AS A PERCENTAGE OF HOUSEHOLD INCOME (SMOCAPI)!!Housing unit without a mortgage (excluding units where SMOCAPI cannot be computed)!!20.0 to 24.9 percent,SELECTED HOUSING CHARACTERISTICS
328,DP04_0122PE,-0.0006970399714887151,Percent!!SELECTED MONTHLY OWNER COSTS AS A PERCENTAGE OF HOUSEHOLD INCOME (SMOCAPI)!!Housing unit without a mortgage (excluding units where SMOCAPI cannot be computed)!!25.0 to 29.9 percent,SELECTED HOUSING CHARACTERISTICS
329,DP04_0123PE,0.0002492772640068824,Percent!!SELECTED MONTHLY OWNER COSTS AS A PERCENTAGE OF HOUSEHOLD INCOME (SMOCAPI)!!Housing unit without a mortgage (excluding units where SMOCAPI cannot be computed)!!30.0 to 34.9 percent,SELECTED HOUSING CHARACTERISTICS
330,DP04_0124PE,-0.0006649358922623358,Percent!!SELECTED MONTHLY OWNER COSTS AS A PERCENTAGE OF HOUSEHOLD INCOME (SMOCAPI)!!Housing unit without a mortgage (excluding units where SMOCAPI cannot be computed)!!35.0 percent or more,SELECTED HOUSING CHARACTERISTICS
331,DP04_0127PE,-0.00011161378030815756,Percent!!GROSS RENT!!Occupied units paying rent!!Less than $500,SELECTED HOUSING CHARACTERISTICS
332,DP04_0128PE,0.0003289581877912902,Percent!!GROSS RENT!!Occupied units paying rent!!$500 to $999,SELECTED HOUSING CHARACTERISTICS
333,DP04_0129PE,0.00010631221773205703,"Percent!!GROSS RENT!!Occupied units paying rent!!$1,000 to $1,499",SELECTED HOUSING CHARACTERISTICS
334,DP04_0130PE,0.00021715816486378501,"Percent!!GROSS RENT!!Occupied units paying rent!!$1,500 to $1,999",SELECTED HOUSING CHARACTERISTICS
335,DP04_0131PE,-0.0003072138717335259,"Percent!!GROSS RENT!!Occupied units paying rent!!$2,000 to $2,499",SELECTED HOUSING CHARACTERISTICS
336,DP04_0132PE,-0.0001471284023721008,"Percent!!GROSS RENT!!Occupied units paying rent!!$2,500 to $2,999",SELECTED HOUSING CHARACTERISTICS
337,DP04_0133PE,-5.639298852639865e-05,"Percent!!GROSS RENT!!Occupied units paying rent!!$3,000 or more",SELECTED HOUSING CHARACTERISTICS
338,DP04_0137PE,1.029387264305923e-05,Percent!!GROSS RENT AS A PERCENTAGE OF HOUSEHOLD INCOME (GRAPI)!!Occupied units paying rent (excluding units where GRAPI cannot be computed)!!Less than 15.0 percent,SELECTED HOUSING CHARACTERISTICS
339,DP04_0138PE,0.00023074718542064488,Percent!!GROSS RENT AS A PERCENTAGE OF HOUSEHOLD INCOME (GRAPI)!!Occupied units paying rent (excluding units where GRAPI cannot be computed)!!15.0 to 19.9 percent,SELECTED HOUSING CHARACTERISTICS
340,DP04_0139PE,0.0003154372218204253,Percent!!GROSS RENT AS A PERCENTAGE OF HOUSEHOLD INCOME (GRAPI)!!Occupied units paying rent (excluding units where GRAPI cannot be computed)!!20.0 to 24.9 percent,SELECTED HOUSING CHARACTERISTICS
341,DP04_0140PE,-0.0003467769303477754,Percent!!GROSS RENT AS A PERCENTAGE OF HOUSEHOLD INCOME (GRAPI)!!Occupied units paying rent (excluding units where GRAPI cannot be computed)!!25.0 to 29.9 percent,SELECTED HOUSING CHARACTERISTICS
342,DP04_0141PE,-4.2884757933215096e-05,Percent!!GROSS RENT AS A PERCENTAGE OF HOUSEHOLD INCOME (GRAPI)!!Occupied units paying rent (excluding units where GRAPI cannot be computed)!!30.0 to 34.9 percent,SELECTED HOUSING CHARACTERISTICS
343,DP04_0142PE,-0.0001911087225040191,Percent!!GROSS RENT AS A PERCENTAGE OF HOUSEHOLD INCOME (GRAPI)!!Occupied units paying rent (excluding units where GRAPI cannot be computed)!!35.0 percent or more,SELECTED HOUSING CHARACTERISTICS
344,DP05_0002PE,7.084390022941953e-05,Percent!!SEX AND AGE!!Total population!!Male,ACS DEMOGRAPHIC AND HOUSING ESTIMATES
345,DP05_0003PE,-7.064400483310422e-05,Percent!!SEX AND AGE!!Total population!!Female,ACS DEMOGRAPHIC AND HOUSING ESTIMATES
346,DP05_0005PE,-1.4065527813386357e-05,Percent!!SEX AND AGE!!Total population!!Under 5 years,ACS DEMOGRAPHIC AND HOUSING ESTIMATES
347,DP05_0006PE,0.00019348251002754505,Percent!!SEX AND AGE!!Total population!!5 to 9 years,ACS DEMOGRAPHIC AND HOUSING ESTIMATES
348,DP05_0007PE,-0.00011018483253972214,Percent!!SEX AND AGE!!Total population!!10 to 14 years,ACS DEMOGRAPHIC AND HOUSING ESTIMATES
349,DP05_0008PE,-7.640037986190727e-05,Percent!!SEX AND AGE!!Total population!!15 to 19 years,ACS DEMOGRAPHIC AND HOUSING ESTIMATES
350,DP05_0009PE,0.00026830052797754543,Percent!!SEX AND AGE!!Total population!!20 to 24 years,ACS DEMOGRAPHIC AND HOUSING ESTIMATES
351,DP05_0010PE,-0.0004412239812323018,Percent!!SEX AND AGE!!Total population!!25 to 34 years,ACS DEMOGRAPHIC AND HOUSING ESTIMATES
352,DP05_0011PE,-0.00034236550455903883,Percent!!SEX AND AGE!!Total population!!35 to 44 years,ACS DEMOGRAPHIC AND HOUSING ESTIMATES
353,DP05_0012PE,-8.102942502912993e-05,Percent!!SEX AND AGE!!Total population!!45 to 54 years,ACS DEMOGRAPHIC AND HOUSING ESTIMATES
354,DP05_0013PE,0.00027759431432784255,Percent!!SEX AND AGE!!Total population!!55 to 59 years,ACS DEMOGRAPHIC AND HOUSING ESTIMATES
355,DP05_0014PE,0.0002482749719354824,Percent!!SEX AND AGE!!Total population!!60 to 64 years,ACS DEMOGRAPHIC AND HOUSING ESTIMATES
356,DP05_0015PE,9.320673855738223e-05,Percent!!SEX AND AGE!!Total population!!65 to 74 years,ACS DEMOGRAPHIC AND HOUSING ESTIMATES
357,DP05_0016PE,-6.82371281472781e-05,Percent!!SEX AND AGE!!Total population!!75 to 84 years,ACS DEMOGRAPHIC AND HOUSING ESTIMATES
358,DP05_0017PE,6.1010044911103564e-05,Percent!!SEX AND AGE!!Total population!!85 years and over,ACS DEMOGRAPHIC AND HOUSING ESTIMATES
359,DP05_0019PE,-0.0001670448685349439,Percent!!SEX AND AGE!!Total population!!Under 18 years,ACS DEMOGRAPHIC AND HOUSING ESTIMATES
360,DP05_0020PE,3.1592778233196105e-05,Percent!!SEX AND AGE!!Total population!!16 years and over,ACS DEMOGRAPHIC AND HOUSING ESTIMATES
361,DP05_0021PE,0.00016704486853494192,Percent!!SEX AND AGE!!Total population!!18 years and over,ACS DEMOGRAPHIC AND HOUSING ESTIMATES
362,DP05_0022PE,-0.00013564722300052332,Percent!!SEX AND AGE!!Total population!!21 years and over,ACS DEMOGRAPHIC AND HOUSING ESTIMATES
363,DP05_0023PE,0.0002362994168934402,Percent!!SEX AND AGE!!Total population!!62 years and over,ACS DEMOGRAPHIC AND HOUSING ESTIMATES
364,DP05_0024PE,7.247957461582288e-05,Percent!!SEX AND AGE!!Total population!!65 years and over,ACS DEMOGRAPHIC AND HOUSING ESTIMATES
365,DP05_0026PE,0.0002598599699194102,Percent!!SEX AND AGE!!Total population!!18 years and over!!Male,ACS DEMOGRAPHIC AND HOUSING ESTIMATES
366,DP05_0027PE,-0.00025985996991940996,Percent!!SEX AND AGE!!Total population!!18 years and over!!Female,ACS DEMOGRAPHIC AND HOUSING ESTIMATES
367,DP05_0030PE,-9.252576930327649e-05,Percent!!SEX AND AGE!!Total population!!65 years and over!!Male,ACS DEMOGRAPHIC AND HOUSING ESTIMATES
368,DP05_0031PE,9.199779980688131e-05,Percent!!SEX AND AGE!!Total population!!65 years and over!!Female,ACS DEMOGRAPHIC AND HOUSING ESTIMATES
369,DP05_0034PE,0.0001258495393193692,Percent!!RACE!!Total population!!One race,ACS DEMOGRAPHIC AND HOUSING ESTIMATES
370,DP05_0035PE,-0.00012584953931937113,Percent!!RACE!!Total population!!Two or more races,ACS DEMOGRAPHIC AND HOUSING ESTIMATES
371,DP05_0036PE,0.0001258495393193692,Percent!!RACE!!Total population!!One race,ACS DEMOGRAPHIC AND HOUSING ESTIMATES
372,DP05_0037PE,-7.467281951440941e-05,Percent!!RACE!!Total population!!One race!!White,ACS DEMOGRAPHIC AND HOUSING ESTIMATES
373,DP05_0038PE,-1.3010010493619183e-06,Percent!!RACE!!Total population!!One race!!Black or African American,ACS DEMOGRAPHIC AND HOUSING ESTIMATES
374,DP05_0039PE,0.00013113528665352494,Percent!!RACE!!Total population!!One race!!American Indian and Alaska Native,ACS DEMOGRAPHIC AND HOUSING ESTIMATES
375,DP05_0040PE,-0.0006549727968906792,Percent!!RACE!!Total population!!One race!!American Indian and Alaska Native!!Cherokee tribal grouping,ACS DEMOGRAPHIC AND HOUSING ESTIMATES
376,DP05_0041PE,-0.00026818050620744025,Percent!!RACE!!Total population!!One race!!American Indian and Alaska Native!!Chippewa tribal grouping,ACS DEMOGRAPHIC AND HOUSING ESTIMATES
377,DP05_0042PE,0.00015558525227842623,Percent!!RACE!!Total population!!One race!!American Indian and Alaska Native!!Navajo tribal grouping,ACS DEMOGRAPHIC AND HOUSING ESTIMATES
378,DP05_0043PE,0.002118851775844727,Percent!!RACE!!Total population!!One race!!American Indian and Alaska Native!!Sioux tribal grouping,ACS DEMOGRAPHIC AND HOUSING ESTIMATES
379,DP05_0044PE,-2.6885676777677575e-05,Percent!!RACE!!Total population!!One race!!Asian,ACS DEMOGRAPHIC AND HOUSING ESTIMATES
380,DP05_0045PE,0.00016167082505877595,Percent!!RACE!!Total population!!One race!!Asian!!Asian Indian,ACS DEMOGRAPHIC AND HOUSING ESTIMATES
381,DP05_0046PE,-8.057570194261157e-05,Percent!!RACE!!Total population!!One race!!Asian!!Chinese,ACS DEMOGRAPHIC AND HOUSING ESTIMATES
382,DP05_0047PE,0.00019058849553406154,Percent!!RACE!!Total population!!One race!!Asian!!Filipino,ACS DEMOGRAPHIC AND HOUSING ESTIMATES
383,DP05_0048PE,-2.8737085827458174e-05,Percent!!RACE!!Total population!!One race!!Asian!!Japanese,ACS DEMOGRAPHIC AND HOUSING ESTIMATES
384,DP05_0049PE,-3.6984402843009686e-05,Percent!!RACE!!Total population!!One race!!Asian!!Korean,ACS DEMOGRAPHIC AND HOUSING ESTIMATES
385,DP05_0050PE,-3.939100198269786e-05,Percent!!RACE!!Total population!!One race!!Asian!!Vietnamese,ACS DEMOGRAPHIC AND HOUSING ESTIMATES
386,DP05_0051PE,-0.00017590624008315798,Percent!!RACE!!Total population!!One race!!Asian!!Other Asian,ACS DEMOGRAPHIC AND HOUSING ESTIMATES
387,DP05_0052PE,-0.00010647133025680849,Percent!!RACE!!Total population!!One race!!Native Hawaiian and Other Pacific Islander,ACS DEMOGRAPHIC AND HOUSING ESTIMATES
388,DP05_0053PE,-2.7706521496512252e-05,Percent!!RACE!!Total population!!One race!!Native Hawaiian and Other Pacific Islander!!Native Hawaiian,ACS DEMOGRAPHIC AND HOUSING ESTIMATES
389,DP05_0054PE,-2.6037799703604432e-05,Percent!!RACE!!Total population!!One race!!Native Hawaiian and Other Pacific Islander!!Guamanian or Chamorro,ACS DEMOGRAPHIC AND HOUSING ESTIMATES
390,DP05_0055PE,-6.458554334714294e-06,Percent!!RACE!!Total population!!One race!!Native Hawaiian and Other Pacific Islander!!Samoan,ACS DEMOGRAPHIC AND HOUSING ESTIMATES
391,DP05_0056PE,-4.4861684922160935e-05,Percent!!RACE!!Total population!!One race!!Native Hawaiian and Other Pacific Islander!!Other Pacific Islander,ACS DEMOGRAPHIC AND HOUSING ESTIMATES
392,DP05_0057PE,0.00015114125062942263,Percent!!RACE!!Total population!!One race!!Some other race,ACS DEMOGRAPHIC AND HOUSING ESTIMATES
393,DP05_0058PE,-0.00012584953931937113,Percent!!RACE!!Total population!!Two or more races,ACS DEMOGRAPHIC AND HOUSING ESTIMATES
394,DP05_0059PE,-6.922349484335565e-05,Percent!!RACE!!Total population!!Two or more races!!White and Black or African American,ACS DEMOGRAPHIC AND HOUSING ESTIMATES
395,DP05_0060PE,-7.257777094776641e-05,Percent!!RACE!!Total population!!Two or more races!!White and American Indian and Alaska Native,ACS DEMOGRAPHIC AND HOUSING ESTIMATES
396,DP05_0061PE,-8.475560458813572e-05,Percent!!RACE!!Total population!!Two or more races!!White and Asian,ACS DEMOGRAPHIC AND HOUSING ESTIMATES
397,DP05_0062PE,9.551347694191861e-05,Percent!!RACE!!Total population!!Two or more races!!Black or African American and American Indian and Alaska Native,ACS DEMOGRAPHIC AND HOUSING ESTIMATES
398,DP05_0064PE,-0.0002255228900738952,Percent!!Race alone or in combination with one or more other races!!Total population!!White,ACS DEMOGRAPHIC AND HOUSING ESTIMATES
399,DP05_0065PE,4.093740696854234e-05,Percent!!Race alone or in combination with one or more other races!!Total population!!Black or African American,ACS DEMOGRAPHIC AND HOUSING ESTIMATES
400,DP05_0066PE,0.00016024606045824934,Percent!!Race alone or in combination with one or more other races!!Total population!!American Indian and Alaska Native,ACS DEMOGRAPHIC AND HOUSING ESTIMATES
401,DP05_0067PE,-6.580186700102435e-05,Percent!!Race alone or in combination with one or more other races!!Total population!!Asian,ACS DEMOGRAPHIC AND HOUSING ESTIMATES
402,DP05_0068PE,-0.00010461144839556103,Percent!!Race alone or in combination with one or more other races!!Total population!!Native Hawaiian and Other Pacific Islander,ACS DEMOGRAPHIC AND HOUSING ESTIMATES
403,DP05_0069PE,0.00016901681672874084,Percent!!Race alone or in combination with one or more other races!!Total population!!Some other race,ACS DEMOGRAPHIC AND HOUSING ESTIMATES
404,DP05_0071PE,-0.0002007715303714017,Percent!!HISPANIC OR LATINO AND RACE!!Total population!!Hispanic or Latino (of any race),ACS DEMOGRAPHIC AND HOUSING ESTIMATES
405,DP05_0072PE,-0.00018901195702299614,Percent!!HISPANIC OR LATINO AND RACE!!Total population!!Hispanic or Latino (of any race)!!Mexican,ACS DEMOGRAPHIC AND HOUSING ESTIMATES
406,DP05_0073PE,-0.0004177375085856438,Percent!!HISPANIC OR LATINO AND RACE!!Total population!!Hispanic or Latino (of any race)!!Puerto Rican,ACS DEMOGRAPHIC AND HOUSING ESTIMATES
407,DP05_0074PE,9.229633432895314e-05,Percent!!HISPANIC OR LATINO AND RACE!!Total population!!Hispanic or Latino (of any race)!!Cuban,ACS DEMOGRAPHIC AND HOUSING ESTIMATES
408,DP05_0075PE,0.0003244933603061217,Percent!!HISPANIC OR LATINO AND RACE!!Total population!!Hispanic or Latino (of any race)!!Other Hispanic or Latino,ACS DEMOGRAPHIC AND HOUSING ESTIMATES
409,DP05_0076PE,0.00020061945699705676,Percent!!HISPANIC OR LATINO AND RACE!!Total population!!Not Hispanic or Latino,ACS DEMOGRAPHIC AND HOUSING ESTIMATES
410,DP05_0077PE,0.0003277363119222881,Percent!!HISPANIC OR LATINO AND RACE!!Total population!!Not Hispanic or Latino!!White alone,ACS DEMOGRAPHIC AND HOUSING ESTIMATES
411,DP05_0078PE,2.961821198819547e-05,Percent!!HISPANIC OR LATINO AND RACE!!Total population!!Not Hispanic or Latino!!Black or African American alone,ACS DEMOGRAPHIC AND HOUSING ESTIMATES
412,DP05_0079PE,0.00011184670346918633,Percent!!HISPANIC OR LATINO AND RACE!!Total population!!Not Hispanic or Latino!!American Indian and Alaska Native alone,ACS DEMOGRAPHIC AND HOUSING ESTIMATES
413,DP05_0080PE,-8.218385891716623e-06,Percent!!HISPANIC OR LATINO AND RACE!!Total population!!Not Hispanic or Latino!!Asian alone,ACS DEMOGRAPHIC AND HOUSING ESTIMATES
414,DP05_0081PE,-8.512408771393627e-05,Percent!!HISPANIC OR LATINO AND RACE!!Total population!!Not Hispanic or Latino!!Native Hawaiian and Other Pacific Islander alone,ACS DEMOGRAPHIC AND HOUSING ESTIMATES
415,DP05_0082PE,2.3755909185242997e-05,Percent!!HISPANIC OR LATINO AND RACE!!Total population!!Not Hispanic or Latino!!Some other race alone,ACS DEMOGRAPHIC AND HOUSING ESTIMATES
416,DP05_0083PE,-0.00019663672985555984,Percent!!HISPANIC OR LATINO AND RACE!!Total population!!Not Hispanic or Latino!!Two or more races,ACS DEMOGRAPHIC AND HOUSING ESTIMATES
417,DP05_0084PE,-1.0021416088343384e-05,Percent!!HISPANIC OR LATINO AND RACE!!Total population!!Not Hispanic or Latino!!Two or more races!!Two races including Some other race,ACS DEMOGRAPHIC AND HOUSING ESTIMATES
418,DP05_0085PE,-0.00019733361445577232,"Percent!!HISPANIC OR LATINO AND RACE!!Total population!!Not Hispanic or Latino!!Two or more races!!Two races excluding Some other race, and Three or more races",ACS DEMOGRAPHIC AND HOUSING ESTIMATES
419,DP05_0088PE,0.0003504894657077089,"Percent!!CITIZEN, VOTING AGE POPULATION!!Citizen, 18 and over population!!Male",ACS DEMOGRAPHIC AND HOUSING ESTIMATES
420,DP05_0089PE,-0.0003504894657077092,"Percent!!CITIZEN, VOTING AGE POPULATION!!Citizen, 18 and over population!!Female",ACS DEMOGRAPHIC AND HOUSING ESTIMATES
